station_id,tile_id,country,river,station,latitude,longitude,area,reference.db,reference.no,metadata_country,metadata_river,metadata_station,metadata_latitude,metadata_longitude,metadata_area,characteristics_quality,characteristics_latitude,characteristics_longitude,characteristics_area_est,characteristics_dist_km,metadata_joined,characteristics_joined,catchment_shapefile_exists,point_geometry_available,basin_geometry_available,geometry_readiness,geometry_source
br_0000201,S15_W060,BR,,HUMBOLDT,-10.1694,-59.4661,15200.0,ana,15750000,BR,,HUMBOLDT,-10.1694,-59.4661,15200.0,High,-10.1688,-59.4688,15312.66,0.3028,True,True,True,True,True,basin_geometry_ready,GSIM catchment shapefile archive; local path removed
br_0000252,S15_W060,BR,RIO JURUENA,FONTANILHAS,-11.3583,-58.3428,55900.0,ana,17093000,BR,RIO JURUENA,FONTANILHAS,-11.3583,-58.3428,55900.0,High,-11.3563,-58.3396,56060.27,0.4135,True,True,True,True,True,basin_geometry_ready,GSIM catchment shapefile archive; local path removed
br_0000253,S15_W060,BR,RIO DO SANGUE,FAZENDA TOMBADOR,-11.7181,-58.0481,24700.0,ana,17095000,BR,RIO DO SANGUE,FAZENDA TOMBADOR,-11.7181,-58.0481,24700.0,High,-11.7188,-58.0479,25209.23,0.0808,True,True,True,True,True,basin_geometry_ready,GSIM catchment shapefile archive; local path removed
br_0000257,S15_W060,BR,RIO ARINOS,,-11.5367,-57.4236,37100.0,ana,17120000,BR,RIO ARINOS,,-11.5367,-57.4236,37100.0,High,-11.5354,-57.4271,37201.39,0.4075,True,True,True,True,True,basin_geometry_ready,GSIM catchment shapefile archive; local path removed
br_0000262,S15_W060,BR,,PORTO RONCADOR,-13.5575,-55.3347,10800.0,ana,17200000,BR,,PORTO RONCADOR,-13.5575,-55.3347,10800.0,High,-13.5563,-55.3313,10878.8,0.3908,True,True,True,True,True,basin_geometry_ready,GSIM catchment shapefile archive; local path removed
br_0000265,S15_W060,BR,,,-11.6517,-55.7025,34600.0,ana,17280000,BR,,,-11.6517,-55.7025,34600.0,High,-11.6521,-55.7021,34826.56,0.0622,True,True,True,True,True,basin_geometry_ready,GSIM catchment shapefile archive; local path removed
br_0000267,S15_W060,BR,,INDECO,-10.1133,-55.5706,52200.0,ana,17340000,BR,,INDECO,-10.1133,-55.5706,52200.0,High,-10.1104,-55.5688,52574.7,0.3777,True,True,True,True,True,basin_geometry_ready,GSIM catchment shapefile archive; local path removed
br_0002740,S15_W060,BR,RIO SANTANA,,-14.4517,-56.8142,1600.0,ana,66006000,BR,RIO SANTANA,,-14.4517,-56.8142,1600.0,High,-14.4521,-56.8146,1647.129,0.0619,True,True,True,True,True,basin_geometry_ready,GSIM catchment shapefile archive; local path removed
br_0002745,S15_W060,BR,RIO SEPOTUBA,,-14.8508,-57.7689,5290.0,ana,66050000,BR,RIO SEPOTUBA,,-14.8508,-57.7689,5290.0,High,-14.8521,-57.7688,5320.59,0.1449,True,True,True,True,True,basin_geometry_ready,GSIM catchment shapefile archive; local path removed
br_0002759,S15_W060,BR,,,-14.5417,-55.8489,2320.0,ana,66140000,BR,,,-14.5417,-55.8489,2320.0,High,-14.5563,-55.8313,2388.682,2.4932,True,True,True,True,True,basin_geometry_ready,GSIM catchment shapefile archive; local path removed
br_0002762,S15_W060,BR,,,-14.6536,-56.1322,4260.0,ana,66160000,BR,,,-14.6536,-56.1322,4260.0,High,-14.6563,-56.1313,4334.958,0.3153,True,True,True,True,True,basin_geometry_ready,GSIM catchment shapefile archive; local path removed
br_0002770,S15_W060,BR,RIO DA CASCA,MONTANTE DA BARRA,-14.9367,-55.7656,5000.0,ana,66200000,BR,RIO DA CASCA,MONTANTE DA BARRA,-14.9367,-55.7656,5000.0,High,-14.9313,-55.7604,4961.94,0.8197,True,True,True,True,True,basin_geometry_ready,GSIM catchment shapefile archive; local path removed
br_0002771,S15_W060,BR,RIO DA CASCA,,-14.9369,-55.7664,5010.0,ana,66201000,BR,RIO DA CASCA,,-14.9369,-55.7664,5010.0,High,-14.9313,-55.7604,4961.94,0.8957,True,True,True,True,True,basin_geometry_ready,GSIM catchment shapefile archive; local path removed
br_0002773,S15_W060,BR,RIO MANSO,FAZENDA RAIZAMA (COIMBRA) - F6,-14.845,-55.8556,9580.0,ana,66231000,BR,RIO MANSO,FAZENDA RAIZAMA (COIMBRA) - F6,-14.845,-55.8556,9580.0,High,-14.8438,-55.8521,9555.375,0.3989,True,True,True,True,True,basin_geometry_ready,GSIM catchment shapefile archive; local path removed
br_0002776,S15_W060,BR,,,-14.8342,-56.4139,16000.0,ana,66250001,BR,,,-14.8342,-56.4139,16000.0,High,-14.8354,-56.4146,16200.91,0.1531,True,True,True,True,True,basin_geometry_ready,GSIM catchment shapefile archive; local path removed
bw_0000002,S25_E025,BW,NATA,OLD BRIDGE (67921013),-20.2333,26.1667,6543.0,grdb,1357600,BW,NATA,OLD BRIDGE (67921013),-20.2333,26.1667,6543.0,Caution,-20.2313,26.1646,0.2005,0.312,True,True,True,True,True,basin_geometry_ready,GSIM catchment shapefile archive; local path removed
bw_0000003,S25_E025,BW,MOSOPE,MATSITAMA (67921011),-21.0,26.75,584.0,grdb,1357700,BW,MOSOPE,MATSITAMA (67921011),-21.0,26.75,584.0,Medium,-21.0104,26.7562,633.3914,1.3226,True,True,True,True,True,basin_geometry_ready,GSIM catchment shapefile archive; local path removed
bw_0000004,S25_E025,BW,TATI,TATI WEIR (67535411),-21.0,26.75,646.0,grdb,1357710,BW,TATI,TATI WEIR (67535411),-21.0,26.75,646.0,High,-21.0104,26.7562,633.3914,1.3226,True,True,True,True,True,basin_geometry_ready,GSIM catchment shapefile archive; local path removed
bw_0000005,S25_E025,BW,SHASHE,MOOKE WEIR (67535161),-21.15,27.35,2497.0,grdb,1396010,BW,SHASHE,MOOKE WEIR (67535161),-21.15,27.35,2497.0,High,-21.1479,27.3521,2488.584,0.3191,True,True,True,True,True,basin_geometry_ready,GSIM catchment shapefile archive; local path removed
bw_0000006,S25_E025,BW,NTSHE,NTSHE WEIR (67535511),-21.0833,27.5,788.0,grdb,1396020,BW,NTSHE,NTSHE WEIR (67535511),-21.0833,27.5,788.0,High,-21.0896,27.5146,799.4904,1.6678,True,True,True,True,True,basin_geometry_ready,GSIM catchment shapefile archive; local path removed
bw_0000009,S25_E025,BW,LOTSANE,PALAPSE (67537031),-22.5667,27.65,3507.0,grdb,1396201,BW,LOTSANE,PALAPSE (67537031),-22.5667,27.65,3507.0,Caution,-22.5646,27.6479,0.1973,0.3176,True,True,True,True,True,basin_geometry_ready,GSIM catchment shapefile archive; local path removed
bw_0000010,S25_E025,BW,MOTSETSE,MOTSETSE (67921012),-22.5667,27.65,1048.0,grdb,1396210,BW,MOTSETSE,MOTSETSE (67921012),-22.5667,27.65,1048.0,Caution,-22.5646,27.6479,0.1973,0.3176,True,True,True,True,True,basin_geometry_ready,GSIM catchment shapefile archive; local path removed
bw_0000011,S25_E025,BW,MAHAPSWE,MADIBA (67537022),-23.05,26.8167,929.0,grdb,1396400,BW,MAHAPSWE,MADIBA (67537022),-23.05,26.8167,929.0,Low,-23.0479,26.8187,744.2564,0.3103,True,True,True,True,True,basin_geometry_ready,GSIM catchment shapefile archive; local path removed
cn_0000182,N30_E110,CN,HUAI HE,CHANGTAIGUAN,32.3142,114.0606,3090.0,grdb,2181951,CN,HUAI HE,CHANGTAIGUAN,32.3142,114.0606,3090.0,High,32.3104,114.0646,3013.297,0.5652,True,True,True,True,True,basin_geometry_ready,GSIM catchment shapefile archive; local path removed
cn_0000184,N30_E110,CN,HONGSHUI HE,TIANE,30.7667,113.5833,105535.0,grdb,2182050,CN,HONGSHUI HE,TIANE,30.7667,113.5833,105535.0,Caution,30.7687,113.5812,0.3671,0.2993,True,True,True,True,True,basin_geometry_ready,GSIM catchment shapefile archive; local path removed
cn_0000186,N30_E110,CN,LAOGUAN HE,XIXIA,33.2892,111.4744,3418.0,grdb,2182250,CN,LAOGUAN HE,XIXIA,33.2892,111.4744,3418.0,Medium,33.2896,111.4729,3213.512,0.1463,True,True,True,True,True,basin_geometry_ready,GSIM catchment shapefile archive; local path removed
in_0000127,N10_E075,IN,Krishna,Haralahalli,14.8261,75.6731,14582.0,wris,AKL00S8,IN,Krishna,Haralahalli,14.8261,75.6731,14582.0,High,14.8271,75.6729,14500.62,0.1132,True,True,True,True,True,basin_geometry_ready,GSIM catchment shapefile archive; local path removed
in_0000128,N10_E075,IN,Krishna,Honnali,14.2383,75.6583,7075.0,wris,AKL00X6,IN,Krishna,Honnali,14.2383,75.6583,7075.0,High,14.2396,75.6562,7359.272,0.2684,True,True,True,True,True,basin_geometry_ready,GSIM catchment shapefile archive; local path removed
in_0000136,N10_E075,IN,Krishna,Shimoga,13.9269,75.585,2831.0,wris,AKLDOC6,IN,Krishna,Shimoga,13.9269,75.585,2831.0,High,13.9271,75.5854,2716.333,0.0485,True,True,True,True,True,basin_geometry_ready,GSIM catchment shapefile archive; local path removed
in_0000172,N10_E075,IN,Cauvery,Musiri,10.9433,78.435,66243.0,wris,CC000G4,IN,Cauvery,Musiri,10.9433,78.435,66243.0,High,10.9437,78.4312,69605.14,0.417,True,True,True,True,True,basin_geometry_ready,GSIM catchment shapefile archive; local path removed
in_0000173,N10_E075,IN,Cauvery,Kodumudi,11.0811,77.8903,53233.0,wris,CC000I7,IN,Cauvery,Kodumudi,11.0811,77.8903,53233.0,High,11.0812,77.8896,52780.65,0.0771,True,True,True,True,True,basin_geometry_ready,GSIM catchment shapefile archive; local path removed
in_0000174,N10_E075,IN,Cauvery,Urachikottai,11.4778,77.7,44100.0,wris,CC000K5,IN,Cauvery,Urachikottai,11.4778,77.7,44100.0,High,11.4771,77.7021,44851.23,0.2416,True,True,True,True,True,basin_geometry_ready,GSIM catchment shapefile archive; local path removed
in_0000175,N10_E075,IN,Cauvery,Biligundulu,12.18,77.73,36682.0,wris,CC000N7,IN,Cauvery,Biligundulu,12.18,77.73,36682.0,High,12.1812,77.7312,37364.87,0.1865,True,True,True,True,True,basin_geometry_ready,GSIM catchment shapefile archive; local path removed
in_0000176,N10_E075,IN,Cauvery,Kollegal,12.1892,77.1,21082.0,wris,CC000R5,IN,Cauvery,Kollegal,12.1892,77.1,21082.0,High,12.1896,77.0979,21629.09,0.2324,True,True,True,True,True,basin_geometry_ready,GSIM catchment shapefile archive; local path removed
in_0000188,N10_E075,IN,Cauvery,Savandapur,11.5217,77.51,5776.0,wris,CCG00E3,IN,Cauvery,Savandapur,11.5217,77.51,5776.0,High,11.5187,77.5104,5596.889,0.3362,True,True,True,True,True,basin_geometry_ready,GSIM catchment shapefile archive; local path removed
in_0000190,N10_E075,IN,Cauvery,Thengumarahada,11.5728,76.9192,1370.0,wris,CCGI0E9,IN,Cauvery,Thengumarahada,11.5728,76.9192,1370.0,High,11.5729,76.9187,1337.159,0.0556,True,True,True,True,True,basin_geometry_ready,GSIM catchment shapefile archive; local path removed
in_0000196,N10_E075,IN,Cauvery,T.K. Halli,12.4167,77.1925,7890.0,wris,CCM00B9,IN,Cauvery,T.K. Halli,12.4167,77.1925,7890.0,High,12.4187,77.1937,8112.159,0.2576,True,True,True,True,True,basin_geometry_ready,GSIM catchment shapefile archive; local path removed
in_0000198,N10_E075,IN,Cauvery,T. Narasipur,12.23,76.8961,7000.0,wris,CCP00B1,IN,Cauvery,T. Narasipur,12.23,76.8961,7000.0,High,12.2312,76.8937,7028.732,0.2928,True,True,True,True,True,basin_geometry_ready,GSIM catchment shapefile archive; local path removed
in_0000199,N10_E075,IN,Cauvery,K.M.Vadi,12.3422,76.2875,1330.0,wris,CCQ00E9,IN,Cauvery,K.M.Vadi,12.3422,76.2875,1330.0,Medium,12.3437,76.2854,1436.867,0.2824,True,True,True,True,True,basin_geometry_ready,GSIM catchment shapefile archive; local path removed
in_0000202,N10_E075,IN,Cauvery,M.H. Halli,12.8189,76.1333,3050.0,wris,CCR00M8,IN,Cauvery,M.H. Halli,12.8189,76.1333,3050.0,High,12.8187,76.1354,3025.279,0.2286,True,True,True,True,True,basin_geometry_ready,GSIM catchment shapefile archive; local path removed
in_0000209,N10_E075,IN,Ponnaiyar,Vazhavachanur,12.0667,78.9775,10780.0,wris,CP000H2,IN,Ponnaiyar,Vazhavachanur,12.0667,78.9775,10780.0,Medium,12.0646,78.9771,11574.95,0.2374,True,True,True,True,True,basin_geometry_ready,GSIM catchment shapefile archive; local path removed
in_0000210,N10_E075,IN,Ponnaiyar,Gummanur,12.555,78.1386,4620.0,wris,CP000R5,IN,Ponnaiyar,Gummanur,12.555,78.1386,4620.0,Medium,12.5562,78.1396,5094.878,0.1719,True,True,True,True,True,basin_geometry_ready,GSIM catchment shapefile archive; local path removed
in_0000219,N10_E075,IN,Vaigai,Theni,10.0011,77.485,1200.0,wris,CVA00D4,IN,Vaigai,Theni,10.0011,77.485,1200.0,Low,10.0021,77.4854,1339.534,0.1194,True,True,True,True,True,basin_geometry_ready,GSIM catchment shapefile archive; local path removed
in_0000276,N10_E075,IN,Bharathapuzha,Ambarampalayam,10.5958,76.9542,950.0,wris,KR000U2,IN,Bharathapuzha,Ambarampalayam,10.5958,76.9542,950.0,High,10.6271,76.9479,921.767,3.5456,True,True,True,True,True,basin_geometry_ready,GSIM catchment shapefile archive; local path removed
in_0000280,N10_E075,IN,Periyar,Arangaly,10.2814,76.3153,1342.0,wris,KSA00F3,IN,Periyar,Arangaly,10.2814,76.3153,1342.0,High,10.2812,76.3146,1307.467,0.0797,True,True,True,True,True,basin_geometry_ready,GSIM catchment shapefile archive; local path removed
in_0000315,N10_E075,IN,Nethravathi,Bantwal,12.8844,75.0431,3184.0,wris,WN000G9,IN,Nethravathi,Bantwal,12.8844,75.0431,3184.0,High,12.8854,75.0437,3250.64,0.1287,True,True,True,True,True,basin_geometry_ready,GSIM catchment shapefile archive; local path removed
us_0005035,N35_W100,US,TURKEY CREEK,"NEAR SENECA, KS",39.9477773,-96.1086149,276.0,usgs,6814000,US,TURKEY CREEK,"NEAR SENECA, KS",39.9477773,-96.1086149,276.0,High,39.9521,-96.1104,718.6131,0.5039,True,True,True,True,True,basin_geometry_ready,GSIM catchment shapefile archive; local path removed
us_0005090,N35_W100,US,PRAIRIE DOG CREEK,"AT NORTON, KS",39.81000548,-99.9220683,684.0,usgs,6848000,US,PRAIRIE DOG CREEK,"AT NORTON, KS",39.81000548,-99.9220683,684.0,High,39.8104,-99.9229,1792.208,0.0834,True,True,True,True,True,basin_geometry_ready,GSIM catchment shapefile archive; local path removed
us_0005091,N35_W100,US,PRAIRIE DOG CREEK,"NEAR WOODRUFF, KS",39.9787043,-99.4786584,1007.0,usgs,6848500,US,PRAIRIE DOG CREEK,"NEAR WOODRUFF, KS",39.9787043,-99.4786584,1007.0,High,39.9812,-99.4938,2527.826,1.3188,True,True,True,True,True,basin_geometry_ready,GSIM catchment shapefile archive; local path removed
us_0005095,N35_W100,US,WHITE ROCK CREEK,"NEAR BURR OAK, KS",39.89918,-98.2503276,227.0,usgs,6853800,US,WHITE ROCK CREEK,"NEAR BURR OAK, KS",39.89918,-98.2503276,227.0,High,39.8979,-98.2479,585.4419,0.2511,True,True,True,True,True,basin_geometry_ready,GSIM catchment shapefile archive; local path removed
us_0005096,N35_W100,US,WHITE ROCK CREEK,"AT LOVEWELL, KS",39.88417866,-98.0225448,345.0,usgs,6854000,US,WHITE ROCK CREEK,"AT LOVEWELL, KS",39.88417866,-98.0225448,345.0,High,39.8854,-98.0229,876.028,0.1391,True,True,True,True,True,basin_geometry_ready,GSIM catchment shapefile archive; local path removed
us_0005097,N35_W100,US,BUFFALO CREEK,"NEAR JAMESTOWN, KS",39.6145692,-97.8568182,330.0,usgs,6855800,US,BUFFALO CREEK,"NEAR JAMESTOWN, KS",39.6145692,-97.8568182,330.0,High,39.6146,-97.8563,872.2371,0.0445,True,True,True,True,True,basin_geometry_ready,GSIM catchment shapefile archive; local path removed
us_0005098,N35_W100,US,REPUBLICAN RIVER,"AT CLAY CENTER, KS",39.3555515,-97.1275203,17042.0,usgs,6856600,US,REPUBLICAN RIVER,"AT CLAY CENTER, KS",39.3555515,-97.1275203,17042.0,Low,39.3562,-97.1271,63726.66,0.0806,True,True,True,True,True,basin_geometry_ready,GSIM catchment shapefile archive; local path removed
us_0005103,N35_W100,US,SMOKY HILL RIVER,"AT CEDAR BLUFF DAM, KS",38.78342095,-99.7114856,5530.0,usgs,6862000,US,SMOKY HILL RIVER,"AT CEDAR BLUFF DAM, KS",38.78342095,-99.7114856,5530.0,High,38.7896,-99.7146,13669.07,0.7377,True,True,True,True,True,basin_geometry_ready,GSIM catchment shapefile archive; local path removed
us_0005104,N35_W100,US,SMOKY HILL RIVER,"NEAR SCHOENCHEN, KS",38.71167927,-99.3470492,5760.0,usgs,6862700,US,SMOKY HILL RIVER,"NEAR SCHOENCHEN, KS",38.71167927,-99.3470492,5760.0,High,38.7104,-99.3479,14285.71,0.1602,True,True,True,True,True,basin_geometry_ready,GSIM catchment shapefile archive; local path removed
us_0005105,N35_W100,US,SMOKY HILL RIVER,"BELOW SCHOENCHEN, KS",38.71223475,-99.292325,5810.0,usgs,6862850,US,SMOKY HILL RIVER,"BELOW SCHOENCHEN, KS",38.71223475,-99.292325,5810.0,High,38.7146,-99.2938,14405.39,0.2923,True,True,True,True,True,basin_geometry_ready,GSIM catchment shapefile archive; local path removed
us_0005107,N35_W100,US,BIG CREEK,"NEAR HAYS, KS",38.852234,-99.3181589,549.0,usgs,6863500,US,BIG CREEK,"NEAR HAYS, KS",38.852234,-99.3181589,549.0,High,38.8562,-99.3104,1425.22,0.8032,True,True,True,True,True,basin_geometry_ready,GSIM catchment shapefile archive; local path removed
us_0005110,N35_W100,US,SMOKY HILL RIVER,"NEAR BUNKER HILL, KS",38.79390014,-98.781192,7075.0,usgs,6864050,US,SMOKY HILL RIVER,"NEAR BUNKER HILL, KS",38.79390014,-98.781192,7075.0,High,38.7937,-98.7813,18033.29,0.0241,True,True,True,True,True,basin_geometry_ready,GSIM catchment shapefile archive; local path removed
us_0005111,N35_W100,US,SMOKY HILL RIVER,"AT ELLSWORTH, KS",38.72667589,-98.2336684,7580.0,usgs,6864500,US,SMOKY HILL RIVER,"AT ELLSWORTH, KS",38.72667589,-98.2336684,7580.0,High,38.7271,-98.2354,19212.1,0.1573,True,True,True,True,True,basin_geometry_ready,GSIM catchment shapefile archive; local path removed
us_0005112,N35_W100,US,SMOKY HILL RIVER,"NEAR LANGLEY, KS",38.61139679,-97.952826,7857.0,usgs,6865500,US,SMOKY HILL RIVER,"NEAR LANGLEY, KS",38.61139679,-97.952826,7857.0,High,38.6104,-97.9521,19981.13,0.1275,True,True,True,True,True,basin_geometry_ready,GSIM catchment shapefile archive; local path removed
us_0005113,N35_W100,US,SMOKY HILL RIVER,"NEAR MENTOR, KS",38.7111152,-97.5717015,,usgs,6866500,US,SMOKY HILL RIVER,"NEAR MENTOR, KS",38.7111152,-97.5717015,,Caution,,,0.1667005,,True,True,True,True,True,basin_geometry_ready,GSIM catchment shapefile archive; local path removed
us_0005115,N35_W100,US,SALINE RIVER,"NEAR RUSSELL, KS",38.96584479,-98.8545276,1502.0,usgs,6867000,US,SALINE RIVER,"NEAR RUSSELL, KS",38.96584479,-98.8545276,1502.0,High,38.9646,-98.8563,3852.039,0.2064,True,True,True,True,True,basin_geometry_ready,GSIM catchment shapefile archive; local path removed
us_0005116,N35_W100,US,SALINE RIVER,"AT WILSON DAM, KS",38.9747332,-98.4903429,1917.0,usgs,6868200,US,SALINE RIVER,"AT WILSON DAM, KS",38.9747332,-98.4903429,1917.0,High,38.9729,-98.4896,4995.105,0.2136,True,True,True,True,True,basin_geometry_ready,GSIM catchment shapefile archive; local path removed
us_0005117,N35_W100,US,SALINE RIVER,"AT TESCOTT, KS",39.0038923,-97.8739316,2820.0,usgs,6869500,US,SALINE RIVER,"AT TESCOTT, KS",39.0038923,-97.8739316,2820.0,High,39.0062,-97.8729,7358.567,0.2715,True,True,True,True,True,basin_geometry_ready,GSIM catchment shapefile archive; local path removed
us_0005119,N35_W100,US,SMOKY HILL RIVER,"AT NEW CAMBRIA, KS",38.86389009,-97.4833639,11730.0,usgs,6870200,US,SMOKY HILL RIVER,"AT NEW CAMBRIA, KS",38.86389009,-97.4833639,11730.0,High,38.8604,-97.4813,29785.46,0.427,True,True,True,True,True,basin_geometry_ready,GSIM catchment shapefile archive; local path removed
us_0005121,N35_W100,US,NF SOLOMON RIVER,"AT GLADE, KS",39.6730652,-99.3095409,849.0,usgs,6871000,US,NF SOLOMON RIVER,"AT GLADE, KS",39.6730652,-99.3095409,849.0,Low,39.6729,-99.3104,2430.669,0.0757,True,True,True,True,True,basin_geometry_ready,GSIM catchment shapefile archive; local path removed
us_0005122,N35_W100,US,BOW CREEK,"NEAR STOCKTON, KS",39.5594542,-99.2859298,341.0,usgs,6871500,US,BOW CREEK,"NEAR STOCKTON, KS",39.5594542,-99.2859298,341.0,High,39.5604,-99.2854,907.5071,0.1145,True,True,True,True,True,basin_geometry_ready,GSIM catchment shapefile archive; local path removed
us_0005123,N35_W100,US,NF SOLOMON RIVER,"AT KIRWIN, KS",39.6600106,-99.115644,1367.0,usgs,6871800,US,NF SOLOMON RIVER,"AT KIRWIN, KS",39.6600106,-99.115644,1367.0,High,39.6604,-99.1146,3596.172,0.0992,True,True,True,True,True,basin_geometry_ready,GSIM catchment shapefile archive; local path removed
us_0005124,N35_W100,US,NF SOLOMON RIVER,"AT PORTIS, KS",39.55501079,-98.6922942,2315.0,usgs,6872500,US,NF SOLOMON RIVER,"AT PORTIS, KS",39.55501079,-98.6922942,2315.0,High,39.5521,-98.6938,6214.12,0.3482,True,True,True,True,True,basin_geometry_ready,GSIM catchment shapefile archive; local path removed
us_0005125,N35_W100,US,SF SOLOMON RIVER,"ABOVE WEBSTER RE, KS",39.37667456,-99.5801096,1040.0,usgs,6873000,US,SF SOLOMON RIVER,"ABOVE WEBSTER RE, KS",39.37667456,-99.5801096,1040.0,High,39.3771,-99.5813,2692.217,0.1127,True,True,True,True,True,basin_geometry_ready,GSIM catchment shapefile archive; local path removed
us_0005126,N35_W100,US,SF SOLOMON RIVER,"BELOW WEBSTER RE, KS",39.40967015,-99.4160333,1150.0,usgs,6873200,US,SF SOLOMON RIVER,"BELOW WEBSTER RE, KS",39.40967015,-99.4160333,1150.0,High,39.4104,-99.4146,3003.716,0.1474,True,True,True,True,True,basin_geometry_ready,GSIM catchment shapefile archive; local path removed
us_0005127,N35_W100,US,SF SOLOMON RIVER,"AT WOODSTON, KS",39.4397325,-99.1017567,1502.0,usgs,6873460,US,SF SOLOMON RIVER,"AT WOODSTON, KS",39.4397325,-99.1017567,1502.0,High,39.4396,-99.1021,4078.512,0.0329,True,True,True,True,True,basin_geometry_ready,GSIM catchment shapefile archive; local path removed
us_0005128,N35_W100,US,SF SOLOMON RIVER,"AT OSBORNE, KS",39.42778826,-98.6942395,2012.0,usgs,6874000,US,SF SOLOMON RIVER,"AT OSBORNE, KS",39.42778826,-98.6942395,2012.0,High,39.4312,-98.6938,5096.774,0.381,True,True,True,True,True,basin_geometry_ready,GSIM catchment shapefile archive; local path removed
us_0005129,N35_W100,US,SOLOMON RIVER,"NEAR GLEN ELDER, KS",39.4738987,-98.2836658,5340.0,usgs,6875900,US,SOLOMON RIVER,"NEAR GLEN ELDER, KS",39.4738987,-98.2836658,5340.0,High,39.4729,-98.2854,13684.02,0.1856,True,True,True,True,True,basin_geometry_ready,GSIM catchment shapefile archive; local path removed
us_0005130,N35_W100,US,SALT CREEK,"NEAR ADA, KS",39.13916876,-97.8369849,384.0,usgs,6876700,US,SALT CREEK,"NEAR ADA, KS",39.13916876,-97.8369849,384.0,Medium,39.1396,-97.8354,1050.185,0.1448,True,True,True,True,True,basin_geometry_ready,GSIM catchment shapefile archive; local path removed
us_0005131,N35_W100,US,SOLOMON RIVER,"AT NILES, KS",38.9691663,-97.4772513,6770.0,usgs,6876900,US,SOLOMON RIVER,"AT NILES, KS",38.9691663,-97.4772513,6770.0,High,38.9687,-97.4771,17581.32,0.0534,True,True,True,True,True,basin_geometry_ready,GSIM catchment shapefile archive; local path removed
us_0005132,N35_W100,US,SMOKY HILL RIVER,"AT ENTERPRISE, KS",38.90638906,-97.1177952,19260.0,usgs,6877600,US,SMOKY HILL RIVER,"AT ENTERPRISE, KS",38.90638906,-97.1177952,19260.0,High,38.9062,-97.1188,49452.78,0.0894,True,True,True,True,True,basin_geometry_ready,GSIM catchment shapefile archive; local path removed
us_0005133,N35_W100,US,CHAPMAN CREEK,"NEAR CHAPMAN, KS",39.031109,-97.0402922,300.0,usgs,6878000,US,CHAPMAN CREEK,"NEAR CHAPMAN, KS",39.031109,-97.0402922,300.0,High,39.0312,-97.0479,796.0693,0.6568,True,True,True,True,True,basin_geometry_ready,GSIM catchment shapefile archive; local path removed
us_0005135,N35_W100,US,KINGS CREEK,"NEAR MANHATTAN, KS",39.1019424,-96.5952808,4.09,usgs,6879650,US,KINGS CREEK,"NEAR MANHATTAN, KS",39.1019424,-96.5952808,4.09,Low,39.1021,-96.5938,12.1023,0.1289,True,True,True,True,True,basin_geometry_ready,GSIM catchment shapefile archive; local path removed
us_0005145,N35_W100,US,BIG BLUE RIVER,"AT MARYSVILLE, KS",39.8419463,-96.6622425,4777.0,usgs,6882510,US,BIG BLUE RIVER,"AT MARYSVILLE, KS",39.8419463,-96.6622425,4777.0,High,39.8437,-96.6646,12227.89,0.2801,True,True,True,True,True,basin_geometry_ready,GSIM catchment shapefile archive; local path removed
us_0005149,N35_W100,US,LITTLE BLUE RIVER,"AT HOLLENBERG, KS",39.98027778,-97.0047222,,usgs,6884025,US,LITTLE BLUE RIVER,"AT HOLLENBERG, KS",39.98027778,-97.0047222,,Caution,,,1.145902,,True,True,True,True,True,basin_geometry_ready,GSIM catchment shapefile archive; local path removed
us_0005150,N35_W100,US,MILL CREEK,"AT WASHINGTON, KS",39.81361476,-97.0375267,344.0,usgs,6884200,US,MILL CREEK,"AT WASHINGTON, KS",39.81361476,-97.0375267,344.0,High,39.8146,-97.0396,892.6853,0.2081,True,True,True,True,True,basin_geometry_ready,GSIM catchment shapefile archive; local path removed
us_0005151,N35_W100,US,L BLUE RIVER,"NEAR BARNES, KS",39.72583518,-96.8047432,3351.0,usgs,6884400,US,L BLUE RIVER,"NEAR BARNES, KS",39.72583518,-96.8047432,3351.0,High,39.7271,-96.8063,8738.247,0.1935,True,True,True,True,True,basin_geometry_ready,GSIM catchment shapefile archive; local path removed
us_0005153,N35_W100,US,BLACK VERMILLION RIVER,"NEAR FRANKFORT, KS",39.68194349,-96.4427888,410.0,usgs,6885500,US,BLACK VERMILLION RIVER,"NEAR FRANKFORT, KS",39.68194349,-96.4427888,410.0,High,39.6812,-96.4438,1051.76,0.1196,True,True,True,True,True,basin_geometry_ready,GSIM catchment shapefile archive; local path removed
us_0005155,N35_W100,US,BIG BLUE RIVER,"NEAR MANHATTAN, KS",39.2372186,-96.5713918,9640.0,usgs,6887000,US,BIG BLUE RIVER,"NEAR MANHATTAN, KS",39.2372186,-96.5713918,9640.0,High,39.2396,-96.5729,25020.52,0.2948,True,True,True,True,True,basin_geometry_ready,GSIM catchment shapefile archive; local path removed
us_0005156,N35_W100,US,KANSAS RIVER,"AT WAMEGO, KS",39.19833014,-96.3055532,,usgs,6887500,US,KANSAS RIVER,"AT WAMEGO, KS",39.19833014,-96.3055532,,Caution,,,142889.8,,True,True,True,True,True,basin_geometry_ready,GSIM catchment shapefile archive; local path removed
us_0005158,N35_W100,US,MILL CREEK,"NEAR PAXICO, KS",39.06472106,-96.1691605,318.0,usgs,6888500,US,MILL CREEK,"NEAR PAXICO, KS",39.06472106,-96.1691605,318.0,High,39.0646,-96.1688,844.2938,0.0339,True,True,True,True,True,basin_geometry_ready,GSIM catchment shapefile archive; local path removed
us_0005161,N35_W100,US,SOLDIER CREEK,"NEAR SOLDIER, KS",39.5658287,-95.962771,16.9,usgs,6889140,US,SOLDIER CREEK,"NEAR SOLDIER, KS",39.5658287,-95.962771,16.9,High,39.5687,-95.9646,43.9701,0.3555,True,True,True,True,True,basin_geometry_ready,GSIM catchment shapefile archive; local path removed
us_0005162,N35_W100,US,SOLDIER CREEK,"NEAR CIRCLEVILLE, KS",39.4631449,-95.9505944,49.3,usgs,6889160,US,SOLDIER CREEK,"NEAR CIRCLEVILLE, KS",39.4631449,-95.9505944,49.3,High,39.4646,-95.9479,124.1916,0.2821,True,True,True,True,True,basin_geometry_ready,GSIM catchment shapefile archive; local path removed
us_0005163,N35_W100,US,SOLDIER CREEK,"NEAR DELIA, KS",39.23833024,-95.8885992,149.0,usgs,6889200,US,SOLDIER CREEK,"NEAR DELIA, KS",39.23833024,-95.8885992,149.0,High,39.2396,-95.8896,366.3308,0.1653,True,True,True,True,True,basin_geometry_ready,GSIM catchment shapefile archive; local path removed
us_0005164,N35_W100,US,SOLDIER CREEK,"NEAR TOPEKA, KS",39.0994439,-95.7249828,290.0,usgs,6889500,US,SOLDIER CREEK,"NEAR TOPEKA, KS",39.0994439,-95.7249828,290.0,High,39.1021,-95.7229,737.7427,0.3455,True,True,True,True,True,basin_geometry_ready,GSIM catchment shapefile archive; local path removed
us_0005165,N35_W100,US,DELAWARE RIVER,"NEAR MUSCOTAH, KS",39.5213873,-95.532756,431.0,usgs,6890100,US,DELAWARE RIVER,"NEAR MUSCOTAH, KS",39.5213873,-95.532756,431.0,High,39.5187,-95.5313,1127.073,0.3237,True,True,True,True,True,basin_geometry_ready,GSIM catchment shapefile archive; local path removed
us_0005166,N35_W100,US,DELAWARE RIVER,"AT PERRY, KS",39.07500017,-95.4038634,1141.0,usgs,6890900,US,DELAWARE RIVER,"AT PERRY, KS",39.07500017,-95.4038634,1141.0,High,39.0854,-95.3979,2946.032,1.265,True,True,True,True,True,basin_geometry_ready,GSIM catchment shapefile archive; local path removed
us_0005168,N35_W100,US,WAKARUSA RIVER,"NEAR LAWRENCE, KS",38.9113923,-95.261084,425.0,usgs,6891500,US,WAKARUSA RIVER,"NEAR LAWRENCE, KS",38.9113923,-95.261084,425.0,High,38.9146,-95.2604,1095.256,0.3613,True,True,True,True,True,basin_geometry_ready,GSIM catchment shapefile archive; local path removed
us_0005170,N35_W100,US,STRANGER CREEK,"NEAR TONGANOXIE, KS",39.1163912,-95.0108006,406.0,usgs,6892000,US,STRANGER CREEK,"NEAR TONGANOXIE, KS",39.1163912,-95.0108006,406.0,High,39.1187,-95.0188,1071.878,0.7359,True,True,True,True,True,basin_geometry_ready,GSIM catchment shapefile archive; local path removed
us_0005227,N35_W100,US,MARAIS DES CYGNES RIVER,"NEAR READING, KS",38.56695524,-95.961657,177.0,usgs,6910800,US,MARAIS DES CYGNES RIVER,"NEAR READING, KS",38.56695524,-95.961657,177.0,High,38.5562,-95.9646,453.905,1.2222,True,True,True,True,True,basin_geometry_ready,GSIM catchment shapefile archive; local path removed
us_0005230,N35_W100,US,SALT CREEK,"NEAR LYNDON, KS",38.60889886,-95.6383168,111.0,usgs,6911500,US,SALT CREEK,"NEAR LYNDON, KS",38.60889886,-95.6383168,111.0,High,38.6062,-95.6396,281.8029,0.3199,True,True,True,True,True,basin_geometry_ready,GSIM catchment shapefile archive; local path removed
us_0005231,N35_W100,US,DRAGOON CREEK,"NEAR BURLINGAME, KS",38.7091737,-95.8383205,114.0,usgs,6911900,US,DRAGOON CREEK,"NEAR BURLINGAME, KS",38.7091737,-95.8383205,114.0,High,38.7104,-95.8354,301.5642,0.2876,True,True,True,True,True,basin_geometry_ready,GSIM catchment shapefile archive; local path removed
us_0005232,N35_W100,US,HUNDRED AND TEN MILE CREEK,"NEAR QUENEMO, KS",38.6450089,-95.5597037,322.0,usgs,6912500,US,HUNDRED AND TEN MILE CREEK,"NEAR QUENEMO, KS",38.6450089,-95.5597037,322.0,High,38.6521,-95.5604,822.5114,0.7903,True,True,True,True,True,basin_geometry_ready,GSIM catchment shapefile archive; local path removed
us_0005234,N35_W100,US,MARAIS DES CYGNES RIVER,"NEAR OTTAWA, KS",38.61806669,-95.2683071,1250.0,usgs,6913500,US,MARAIS DES CYGNES RIVER,"NEAR OTTAWA, KS",38.61806669,-95.2683071,1250.0,High,38.6187,-95.2688,3226.148,0.0824,True,True,True,True,True,basin_geometry_ready,GSIM catchment shapefile archive; local path removed
us_0005235,N35_W100,US,POTTAWATOMIE CREEK,"NEAR GARNETT, KS",38.333631,-95.2488634,334.0,usgs,6914000,US,POTTAWATOMIE CREEK,"NEAR GARNETT, KS",38.333631,-95.2488634,334.0,High,38.3396,-95.2479,855.243,0.6686,True,True,True,True,True,basin_geometry_ready,GSIM catchment shapefile archive; local path removed
us_0005540,N35_W100,US,PAWNEE RIVER,"NEAR BURDETT, KS",38.2066829,-99.6434539,1091.0,usgs,7140850,US,PAWNEE RIVER,"NEAR BURDETT, KS",38.2066829,-99.6434539,1091.0,Medium,38.2104,-99.6438,3054.076,0.4142,True,True,True,True,True,basin_geometry_ready,GSIM catchment shapefile archive; local path removed
us_0005542,N35_W100,US,PAWNEE RIVER,"AT ROZEL, KS",38.2075145,-99.4062247,2010.0,usgs,7141200,US,PAWNEE RIVER,"AT ROZEL, KS",38.2075145,-99.4062247,2010.0,Low,38.2104,-99.4063,5880.699,0.3207,True,True,True,True,True,basin_geometry_ready,GSIM catchment shapefile archive; local path removed
us_0005544,N35_W100,US,WALNUT CREEK,"AT NEKOMA, KS",38.47723614,-99.4381656,1152.0,usgs,7141780,US,WALNUT CREEK,"AT NEKOMA, KS",38.47723614,-99.4381656,1152.0,Low,38.4771,-99.4396,3317.467,0.1257,True,True,True,True,True,basin_geometry_ready,GSIM catchment shapefile archive; local path removed
us_0005545,N35_W100,US,WALNUT CREEK,"AT ALBERT, KS",38.46167948,-99.014817,1306.0,usgs,7141900,US,WALNUT CREEK,"AT ALBERT, KS",38.46167948,-99.014817,1306.0,Low,38.4604,-99.0146,4173.389,0.1434,True,True,True,True,True,basin_geometry_ready,GSIM catchment shapefile archive; local path removed
us_0005547,N35_W100,US,RATTLESNAKE CREEK,"NEAR MACKSVILLE, KS",37.8716826,-98.8762067,356.0,usgs,7142300,US,RATTLESNAKE CREEK,"NEAR MACKSVILLE, KS",37.8716826,-98.8762067,356.0,Caution,37.8729,-98.8771,1740.504,0.1563,True,True,True,True,True,basin_geometry_ready,GSIM catchment shapefile archive; local path removed
us_0005548,N35_W100,US,RATTLESNAKE CREEK,"NEAR ZENITH, KS",38.0936248,-98.5461894,519.0,usgs,7142575,US,RATTLESNAKE CREEK,"NEAR ZENITH, KS",38.0936248,-98.5461894,519.0,Caution,38.0937,-98.5479,1.345,0.1498,True,True,True,True,True,basin_geometry_ready,GSIM catchment shapefile archive; local path removed
us_0005549,N35_W100,US,RATTLESNAKE CREEK,"NEAR RAYMOND, KS",38.2293287,-98.4179046,600.0,usgs,7142620,US,RATTLESNAKE CREEK,"NEAR RAYMOND, KS",38.2293287,-98.4179046,600.0,Caution,38.2312,-98.4188,0.5034,0.2222,True,True,True,True,True,basin_geometry_ready,GSIM catchment shapefile archive; local path removed
us_0005550,N35_W100,US,COW CREEK,"NEAR LYONS, KS",38.3083438,-98.1920045,499.0,usgs,7143300,US,COW CREEK,"NEAR LYONS, KS",38.3083438,-98.1920045,499.0,Low,38.3062,-98.1938,1897.02,0.2851,True,True,True,True,True,basin_geometry_ready,GSIM catchment shapefile archive; local path removed
us_0005551,N35_W100,US,ARKANSAS RIVER,"NEAR HUTCHINSON, KS",37.94640028,-97.7750488,31724.0,usgs,7143330,US,ARKANSAS RIVER,"NEAR HUTCHINSON, KS",37.94640028,-97.7750488,31724.0,Low,37.9479,-97.7729,99214.13,0.2515,True,True,True,True,True,basin_geometry_ready,GSIM catchment shapefile archive; local path removed
us_0005552,N35_W100,US,L ARKANSAS RIVER,"AT ALTA MILLS, KS",38.1122326,-97.591987,681.0,usgs,7143665,US,L ARKANSAS RIVER,"AT ALTA MILLS, KS",38.1122326,-97.591987,681.0,Medium,38.1104,-97.5979,1920.284,0.5557,True,True,True,True,True,basin_geometry_ready,GSIM catchment shapefile archive; local path removed
us_0005555,N35_W100,US,L ARKANSAS RIVER,"AT VALLEY CENTER, KS",37.83223425,-97.3889317,1250.0,usgs,7144200,US,L ARKANSAS RIVER,"AT VALLEY CENTER, KS",37.83223425,-97.3889317,1250.0,High,37.8354,-97.3896,3331.772,0.3567,True,True,True,True,True,basin_geometry_ready,GSIM catchment shapefile archive; local path removed
us_0005558,N35_W100,US,NF NINNESCAH RIVER,"ABOVE CHENEY RE, KS",37.8625129,-98.0139449,550.0,usgs,7144780,US,NF NINNESCAH RIVER,"ABOVE CHENEY RE, KS",37.8625129,-98.0139449,550.0,Low,37.8646,-98.0146,2046.137,0.2389,True,True,True,True,True,basin_geometry_ready,GSIM catchment shapefile archive; local path removed
us_0005559,N35_W100,US,NF NINNESCAH RIVER,"AT CHENEY DAM, KS",37.72140097,-97.7944956,664.0,usgs,7144795,US,NF NINNESCAH RIVER,"AT CHENEY DAM, KS",37.72140097,-97.7944956,664.0,Low,37.7187,-97.7979,2563.064,0.4238,True,True,True,True,True,basin_geometry_ready,GSIM catchment shapefile archive; local path removed
us_0005560,N35_W100,US,SF NINNESCAH RIVER,"NEAR PRATT, KS",37.637796,-98.7209237,117.0,usgs,7144910,US,SF NINNESCAH RIVER,"NEAR PRATT, KS",37.637796,-98.7209237,117.0,High,37.6396,-98.7229,310.0882,0.2654,True,True,True,True,True,basin_geometry_ready,GSIM catchment shapefile archive; local path removed
us_0005561,N35_W100,US,SF NINNESCAH RIVER,"NEAR MURDOCK, KS",37.561683,-97.8531094,543.0,usgs,7145200,US,SF NINNESCAH RIVER,"NEAR MURDOCK, KS",37.561683,-97.8531094,543.0,Medium,37.5604,-97.8521,1547.859,0.168,True,True,True,True,True,basin_geometry_ready,GSIM catchment shapefile archive; local path removed
us_0005562,N35_W100,US,NINNESCAH RIVER,"NEAR PECK, KS",37.4569636,-97.4239353,1785.0,usgs,7145500,US,NINNESCAH RIVER,"NEAR PECK, KS",37.4569636,-97.4239353,1785.0,Low,37.4604,-97.4229,5502.605,0.3926,True,True,True,True,True,basin_geometry_ready,GSIM catchment shapefile archive; local path removed
us_0005563,N35_W100,US,SLATE CREEK,"AT WELLINGTON, KS",37.24946707,-97.4036569,154.0,usgs,7145700,US,SLATE CREEK,"AT WELLINGTON, KS",37.24946707,-97.4036569,154.0,High,37.2479,-97.4021,401.1662,0.222,True,True,True,True,True,basin_geometry_ready,GSIM catchment shapefile archive; local path removed
us_0005564,N35_W100,US,ARKANSAS RIVER,"AT ARKANSAS CITY, KS",37.0375083,-97.0392194,36106.0,usgs,7146500,US,ARKANSAS RIVER,"AT ARKANSAS CITY, KS",37.0375083,-97.0392194,36106.0,Low,37.0396,-97.0396,112792.2,0.2349,True,True,True,True,True,basin_geometry_ready,GSIM catchment shapefile archive; local path removed
us_0005565,N35_W100,US,WHITEWATER RIVER,"AT TOWANDA, KS",37.79612785,-97.0144806,426.0,usgs,7147070,US,WHITEWATER RIVER,"AT TOWANDA, KS",37.79612785,-97.0144806,426.0,High,37.7979,-97.0146,1111.268,0.1972,True,True,True,True,True,basin_geometry_ready,GSIM catchment shapefile archive; local path removed
us_0005566,N35_W100,US,WALNUT RIVER,"AT WINFIELD, KS",37.22391557,-96.9961475,1880.0,usgs,7147800,US,WALNUT RIVER,"AT WINFIELD, KS",37.22391557,-96.9961475,1880.0,High,37.2229,-96.9938,4845.362,0.2364,True,True,True,True,True,basin_geometry_ready,GSIM catchment shapefile archive; local path removed
us_0005567,N35_W100,US,SALT FORK ARKANSAS RIVER,"NEAR WINCHESTER, OK",36.96169595,-98.7823116,856.0,usgs,7148350,US,SALT FORK ARKANSAS RIVER,"NEAR WINCHESTER, OK",36.96169595,-98.7823116,856.0,High,36.9604,-98.7813,2109.907,0.1697,True,True,True,True,True,basin_geometry_ready,GSIM catchment shapefile archive; local path removed
us_0005569,N35_W100,US,MEDICINE LODGE RIVER,"NEAR KIOWA, KS",37.03891547,-98.4709092,903.0,usgs,7149000,US,MEDICINE LODGE RIVER,"NEAR KIOWA, KS",37.03891547,-98.4709092,903.0,High,37.0396,-98.4729,2333.488,0.1923,True,True,True,True,True,basin_geometry_ready,GSIM catchment shapefile archive; local path removed
us_0005570,N35_W100,US,SALT FORK ARKANSAS RIVER,"NEAR JET, OK",36.75252938,-98.1289547,3194.0,usgs,7150500,US,SALT FORK ARKANSAS RIVER,"NEAR JET, OK",36.75252938,-98.1289547,3194.0,High,36.7562,-98.1313,8174.828,0.4582,True,True,True,True,True,basin_geometry_ready,GSIM catchment shapefile archive; local path removed
us_0005571,N35_W100,US,SALT FORK ARKANSAS RIVER,"AT TONKAWA, OK",36.6719792,-97.3094887,4470.0,usgs,7151000,US,SALT FORK ARKANSAS RIVER,"AT TONKAWA, OK",36.6719792,-97.3094887,4470.0,High,36.6687,-97.3104,11638.51,0.3733,True,True,True,True,True,basin_geometry_ready,GSIM catchment shapefile archive; local path removed
us_0005572,N35_W100,US,CHIKASKIA RIVER,"NEAR CORBIN, KS",37.12891225,-97.6019945,794.0,usgs,7151500,US,CHIKASKIA RIVER,"NEAR CORBIN, KS",37.12891225,-97.6019945,794.0,High,37.1354,-97.5979,2114.926,0.8071,True,True,True,True,True,basin_geometry_ready,GSIM catchment shapefile archive; local path removed
us_0005573,N35_W100,US,CHIKASKIA RIVER,"NEAR BLACKWELL, OK",36.8114211,-97.277265,1873.0,usgs,7152000,US,CHIKASKIA RIVER,"NEAR BLACKWELL, OK",36.8114211,-97.277265,1873.0,High,36.8146,-97.2771,4852.314,0.3536,True,True,True,True,True,basin_geometry_ready,GSIM catchment shapefile archive; local path removed
us_0005574,N35_W100,US,BLACK BEAR CREEK,"AT PAWNEE, OK",36.34366537,-96.7994788,538.0,usgs,7153000,US,BLACK BEAR CREEK,"AT PAWNEE, OK",36.34366537,-96.7994788,538.0,High,36.3437,-96.7979,1381.951,0.1414,True,True,True,True,True,basin_geometry_ready,GSIM catchment shapefile archive; local path removed
us_0005581,N35_W100,US,CIMARRON RIVER,"NEAR BUFFALO, OK",36.85197484,-99.315387,8177.0,usgs,7157950,US,CIMARRON RIVER,"NEAR BUFFALO, OK",36.85197484,-99.315387,8177.0,Low,36.8479,-99.3188,26846.64,0.5451,True,True,True,True,True,basin_geometry_ready,GSIM catchment shapefile archive; local path removed
us_0005582,N35_W100,US,BUFFALO CREEK,"NEAR LOVEDALE, OK",36.7705872,-99.3670537,408.0,usgs,7157960,US,BUFFALO CREEK,"NEAR LOVEDALE, OK",36.7705872,-99.3670537,408.0,High,36.7687,-99.3688,1043.742,0.261,True,True,True,True,True,basin_geometry_ready,GSIM catchment shapefile archive; local path removed
us_0005583,N35_W100,US,CIMARRON RIVER,"NEAR WAYNOKA, OK",36.51725644,-98.8795366,9371.0,usgs,7158000,US,CIMARRON RIVER,"NEAR WAYNOKA, OK",36.51725644,-98.8795366,9371.0,Low,36.5187,-98.8813,30336.86,0.2248,True,True,True,True,True,basin_geometry_ready,GSIM catchment shapefile archive; local path removed
us_0005585,N35_W100,US,CIMARRON RIVER,"NEAR DOVER, OK",35.95170756,-97.9144994,11734.0,usgs,7159100,US,CIMARRON RIVER,"NEAR DOVER, OK",35.95170756,-97.9144994,11734.0,Low,35.9521,-97.9146,36530.12,0.0445,True,True,True,True,True,basin_geometry_ready,GSIM catchment shapefile archive; local path removed
us_0005587,N35_W100,US,CIMARRON RIVER,"NEAR GUTHRIE, OK",35.9206023,-97.4258746,12932.0,usgs,7160000,US,CIMARRON RIVER,"NEAR GUTHRIE, OK",35.9206023,-97.4258746,12932.0,Low,35.9187,-97.4271,39636.75,0.2384,True,True,True,True,True,basin_geometry_ready,GSIM catchment shapefile archive; local path removed
us_0005589,N35_W100,US,SKELETON CREEK,"NEAR LOVELL, OK",36.06004045,-97.5850471,412.0,usgs,7160500,US,SKELETON CREEK,"NEAR LOVELL, OK",36.06004045,-97.5850471,412.0,High,36.0646,-97.5854,1053.42,0.5077,True,True,True,True,True,basin_geometry_ready,GSIM catchment shapefile archive; local path removed
us_0005590,N35_W100,US,CIMARRON RIVER,"AT PERKINS, OK",35.9575563,-97.031975,12926.0,usgs,7161000,US,CIMARRON RIVER,"AT PERKINS, OK",35.9575563,-97.031975,12926.0,Low,35.9604,-97.0313,42225.21,0.3218,True,True,True,True,True,basin_geometry_ready,GSIM catchment shapefile archive; local path removed
us_0005592,N35_W100,US,COUNCIL CREEK,"NEAR STILLWATER, OK",36.116169,-96.8678088,31.0,usgs,7163000,US,COUNCIL CREEK,"NEAR STILLWATER, OK",36.116169,-96.8678088,31.0,High,36.1187,-96.8688,79.211,0.295,True,True,True,True,True,basin_geometry_ready,GSIM catchment shapefile archive; local path removed
us_0005593,N35_W100,US,ARKANSAS RIVER,"AT TULSA, OK",36.14064807,-96.0063866,62811.0,usgs,7164500,US,ARKANSAS RIVER,"AT TULSA, OK",36.14064807,-96.0063866,62811.0,Low,36.1437,-96.0063,189926.6,0.3392,True,True,True,True,True,basin_geometry_ready,GSIM catchment shapefile archive; local path removed
us_0005599,N35_W100,US,VERDIGRIS RIVER,"NEAR ALTOONA, KS",37.5297764,-95.674703,1094.0,usgs,7166500,US,VERDIGRIS RIVER,"NEAR ALTOONA, KS",37.5297764,-95.674703,1094.0,High,37.5312,-95.6771,2740.987,0.2639,True,True,True,True,True,basin_geometry_ready,GSIM catchment shapefile archive; local path removed
us_0005601,N35_W100,US,OTTER CREEK,"AT CLIMAX, KS",37.70808736,-96.2236107,129.0,usgs,7167500,US,OTTER CREEK,"AT CLIMAX, KS",37.70808736,-96.2236107,129.0,High,37.7104,-96.2229,327.8764,0.2645,True,True,True,True,True,basin_geometry_ready,GSIM catchment shapefile archive; local path removed
us_0005603,N35_W100,US,FALL RIVER,"AT FREDONIA, KS",37.50838374,-95.8335924,827.0,usgs,7169500,US,FALL RIVER,"AT FREDONIA, KS",37.50838374,-95.8335924,827.0,High,37.5104,-95.8354,2115.075,0.2749,True,True,True,True,True,basin_geometry_ready,GSIM catchment shapefile archive; local path removed
us_0005604,N35_W100,US,ELK RIVER,"AT ELK FALLS, KS",37.37559729,-96.185548,220.0,usgs,7169800,US,ELK RIVER,"AT ELK FALLS, KS",37.37559729,-96.185548,220.0,High,37.3771,-96.1854,574.3175,0.1675,True,True,True,True,True,basin_geometry_ready,GSIM catchment shapefile archive; local path removed
us_0005606,N35_W100,US,ELK RIVER,"BELOW ELK CITY LK, KS",37.2795099,-95.7816479,634.0,usgs,7170060,US,ELK RIVER,"BELOW ELK CITY LK, KS",37.2795099,-95.7816479,634.0,High,37.2812,-95.7813,1682.997,0.1903,True,True,True,True,True,basin_geometry_ready,GSIM catchment shapefile archive; local path removed
us_0005607,N35_W100,US,VERDIGRIS RIVER,"AT INDEPENDENCE, KS",37.22368014,-95.6777573,2892.0,usgs,7170500,US,VERDIGRIS RIVER,"AT INDEPENDENCE, KS",37.22368014,-95.6777573,2892.0,High,37.2229,-95.6813,7491.657,0.3253,True,True,True,True,True,basin_geometry_ready,GSIM catchment shapefile archive; local path removed
us_0005608,N35_W100,US,BIG HILL CREEK,"NEAR CHERRYVALE, KS",37.2667325,-95.469144,37.0,usgs,7170700,US,BIG HILL CREEK,"NEAR CHERRYVALE, KS",37.2667325,-95.469144,37.0,Medium,37.2646,-95.4688,103.5422,0.2389,True,True,True,True,True,basin_geometry_ready,GSIM catchment shapefile archive; local path removed
us_0005610,N35_W100,US,VERDIGRIS RIVER,"NEAR LENAPAH, OK",36.85119615,-95.5860882,3584.0,usgs,7171000,US,VERDIGRIS RIVER,"NEAR LENAPAH, OK",36.85119615,-95.5860882,3584.0,High,36.8521,-95.5854,9389.431,0.1176,True,True,True,True,True,basin_geometry_ready,GSIM catchment shapefile archive; local path removed
us_0005611,N35_W100,US,CANEY RIVER,"NEAR ELGIN, KS",37.00393886,-96.3166638,445.0,usgs,7172000,US,CANEY RIVER,"NEAR ELGIN, KS",37.00393886,-96.3166638,445.0,High,37.0062,-96.3146,1128.701,0.3109,True,True,True,True,True,basin_geometry_ready,GSIM catchment shapefile archive; local path removed
us_0005614,N35_W100,US,SAND CREEK,"AT OKESA, OK",36.71952346,-96.1324935,139.0,usgs,7174600,US,SAND CREEK,"AT OKESA, OK",36.71952346,-96.1324935,139.0,High,36.7229,-96.1354,355.4847,0.4559,True,True,True,True,True,basin_geometry_ready,GSIM catchment shapefile archive; local path removed
us_0005616,N35_W100,US,CANEY RIVER,"NEAR RAMONA, OK",36.5089816,-95.8419306,1936.0,usgs,7175500,US,CANEY RIVER,"NEAR RAMONA, OK",36.5089816,-95.8419306,1936.0,High,36.5104,-95.8438,5042.377,0.2296,True,True,True,True,True,basin_geometry_ready,GSIM catchment shapefile archive; local path removed
us_0005617,N35_W100,US,VERDIGRIS RIVER,"NEAR CLAREMORE, OK",36.3075,-95.6997222,6451.0,usgs,7176000,US,VERDIGRIS RIVER,"NEAR CLAREMORE, OK",36.3075,-95.6997222,6451.0,High,36.3062,-95.6979,16918.67,0.2179,True,True,True,True,True,basin_geometry_ready,GSIM catchment shapefile archive; local path removed
us_0005618,N35_W100,US,BIRD CREEK,"AT AVANT, OK",36.48508798,-96.0602743,369.0,usgs,7176500,US,BIRD CREEK,"AT AVANT, OK",36.48508798,-96.0602743,369.0,High,36.4854,-96.0604,959.9859,0.0364,True,True,True,True,True,basin_geometry_ready,GSIM catchment shapefile archive; local path removed
us_0005621,N35_W100,US,BIRD CREEK,"NEAR SPERRY, OK",36.27842534,-95.954162,907.0,usgs,7177500,US,BIRD CREEK,"NEAR SPERRY, OK",36.27842534,-95.954162,907.0,High,36.2812,-95.9563,2348.669,0.363,True,True,True,True,True,basin_geometry_ready,GSIM catchment shapefile archive; local path removed
us_0005627,N35_W100,US,NEOSHO RIVER,"AT COUNCIL GROVE, KS",38.66584085,-96.493614,250.0,usgs,7179500,US,NEOSHO RIVER,"AT COUNCIL GROVE, KS",38.66584085,-96.493614,250.0,High,38.6687,-96.4938,669.1989,0.3181,True,True,True,True,True,basin_geometry_ready,GSIM catchment shapefile archive; local path removed
us_0005628,N35_W100,US,NEOSHO RIVER,"NEAR AMERICUS, KS",38.46695699,-96.2505533,622.0,usgs,7179730,US,NEOSHO RIVER,"NEAR AMERICUS, KS",38.46695699,-96.2505533,622.0,High,38.4771,-96.2479,1612.741,1.1505,True,True,True,True,True,basin_geometry_ready,GSIM catchment shapefile archive; local path removed
us_0005629,N35_W100,US,N COTTONWOOD RIVER,"BELOW MARION LK, KS",38.36584739,-97.0828018,200.0,usgs,7179795,US,N COTTONWOOD RIVER,"BELOW MARION LK, KS",38.36584739,-97.0828018,200.0,High,38.3687,-97.0854,524.0949,0.3895,True,True,True,True,True,basin_geometry_ready,GSIM catchment shapefile archive; local path removed
us_0005630,N35_W100,US,COTTONWOOD RIVER,"NEAR FLORENCE, KS",38.2361285,-96.8772436,754.0,usgs,7180400,US,COTTONWOOD RIVER,"NEAR FLORENCE, KS",38.2361285,-96.8772436,754.0,High,38.2396,-96.8729,1978.799,0.5409,True,True,True,True,True,basin_geometry_ready,GSIM catchment shapefile archive; local path removed
us_0005631,N35_W100,US,CEDAR CREEK,"NEAR CEDAR POINT, KS",38.19640618,-96.8244648,110.0,usgs,7180500,US,CEDAR CREEK,"NEAR CEDAR POINT, KS",38.19640618,-96.8244648,110.0,High,38.1979,-96.8229,273.3258,0.215,True,True,True,True,True,basin_geometry_ready,GSIM catchment shapefile archive; local path removed
us_0005633,N35_W100,US,COTTONWOOD RIVER,"NEAR PLYMOUTH, KS",38.3975139,-96.356112,1740.0,usgs,7182250,US,COTTONWOOD RIVER,"NEAR PLYMOUTH, KS",38.3975139,-96.356112,1740.0,High,38.4021,-96.3563,4442.453,0.5099,True,True,True,True,True,basin_geometry_ready,GSIM catchment shapefile archive; local path removed
us_0005634,N35_W100,US,NEOSHO RIVER,"AT BURLINGTON, KS",38.19446678,-95.735264,3042.0,usgs,7182510,US,NEOSHO RIVER,"AT BURLINGTON, KS",38.19446678,-95.735264,3042.0,High,38.1937,-95.7313,7847.32,0.3565,True,True,True,True,True,basin_geometry_ready,GSIM catchment shapefile archive; local path removed
us_0005635,N35_W100,US,NEOSHO RIVER,"NEAR IOLA, KS",37.92225778,-95.4277596,3723.0,usgs,7183000,US,NEOSHO RIVER,"NEAR IOLA, KS",37.92225778,-95.4277596,3723.0,High,37.9229,-95.4354,9622.138,0.6736,True,True,True,True,True,basin_geometry_ready,GSIM catchment shapefile archive; local path removed
us_0005636,N35_W100,US,NEOSHO RIVER,"NEAR PARSONS, KS",37.34005866,-95.1099687,4905.0,usgs,7183500,US,NEOSHO RIVER,"NEAR PARSONS, KS",37.34005866,-95.1099687,4905.0,High,37.3396,-95.1146,12729.96,0.4123,True,True,True,True,True,basin_geometry_ready,GSIM catchment shapefile archive; local path removed
us_0005637,N35_W100,US,LIGHTNING CREEK,"NEAR MCCUNE, KS",37.2811711,-95.0327428,197.0,usgs,7184000,US,LIGHTNING CREEK,"NEAR MCCUNE, KS",37.2811711,-95.0327428,197.0,High,37.2771,-95.0229,514.2253,0.9809,True,True,True,True,True,basin_geometry_ready,GSIM catchment shapefile archive; local path removed
us_0005656,N35_W100,US,NEOSHO RIVER,"NEAR LANGLEY, OK",36.4389742,-95.048573,10385.0,usgs,7190500,US,NEOSHO RIVER,"NEAR LANGLEY, OK",36.4389742,-95.048573,10385.0,High,36.4396,-95.0479,27031.09,0.092,True,True,True,True,True,basin_geometry_ready,GSIM catchment shapefile archive; local path removed
us_0005657,N35_W100,US,BIG CABIN CREEK,"NEAR BIG CABIN, OK",36.56841789,-95.1521891,450.0,usgs,7191000,US,BIG CABIN CREEK,"NEAR BIG CABIN, OK",36.56841789,-95.1521891,450.0,High,36.5687,-95.1521,1199.849,0.0323,True,True,True,True,True,basin_geometry_ready,GSIM catchment shapefile archive; local path removed
us_0005664,N35_W100,US,NEOSHO RIVER,"NEAR CHOUTEAU, OK",36.2295379,-95.182741,11580.0,usgs,7191500,US,NEOSHO RIVER,"NEAR CHOUTEAU, OK",36.2295379,-95.182741,11580.0,High,36.2312,-95.1854,30234.31,0.3015,True,True,True,True,True,basin_geometry_ready,GSIM catchment shapefile archive; local path removed
us_0005679,N35_W100,US,ILLINOIS RIVER,"NEAR GORE, OK",35.5731511,-95.0688458,1615.0,usgs,7198000,US,ILLINOIS RIVER,"NEAR GORE, OK",35.5731511,-95.0688458,1615.0,High,35.5729,-95.0688,4177.651,0.0282,True,True,True,True,True,basin_geometry_ready,GSIM catchment shapefile archive; local path removed
us_0005706,N35_W100,US,LITTLE RIVER,"BELOW LK THUNDERBIRD NEAR NORMAN, OK",35.22173637,-97.2139165,257.0,usgs,7230000,US,LITTLE RIVER,"BELOW LK THUNDERBIRD NEAR NORMAN, OK",35.22173637,-97.2139165,257.0,High,35.2229,-97.2146,662.3058,0.1434,True,True,True,True,True,basin_geometry_ready,GSIM catchment shapefile archive; local path removed
us_0005707,N35_W100,US,LITTLE RIVER,"NEAR TECUMSEH, OK",35.17257416,-96.9319662,463.0,usgs,7230500,US,LITTLE RIVER,"NEAR TECUMSEH, OK",35.17257416,-96.9319662,463.0,High,35.1771,-96.9313,1199.284,0.5066,True,True,True,True,True,basin_geometry_ready,GSIM catchment shapefile archive; local path removed
us_0005719,N35_W100,US,WOLF CREEK,"NEAR FORT SUPPLY, OK",36.5667017,-99.5517805,1498.0,usgs,7237000,US,WOLF CREEK,"NEAR FORT SUPPLY, OK",36.5667017,-99.5517805,1498.0,Low,36.5604,-99.5521,4937.704,0.7009,True,True,True,True,True,basin_geometry_ready,GSIM catchment shapefile archive; local path removed
us_0005721,N35_W100,US,NORTH CANADIAN RIVER,"NEAR SEILING, OK",36.18337277,-98.9212057,9058.0,usgs,7238000,US,NORTH CANADIAN RIVER,"NEAR SEILING, OK",36.18337277,-98.9212057,9058.0,Low,36.1812,-98.9229,32925.86,0.2853,True,True,True,True,True,basin_geometry_ready,GSIM catchment shapefile archive; local path removed
us_0005722,N35_W100,US,NORTH CANADIAN RIVER,"AT CANTON, OK",36.07698408,-98.59675,9289.0,usgs,7239000,US,NORTH CANADIAN RIVER,"AT CANTON, OK",36.07698408,-98.59675,9289.0,Low,36.0771,-98.5938,33539.18,0.2653,True,True,True,True,True,basin_geometry_ready,GSIM catchment shapefile archive; local path removed
us_0005723,N35_W100,US,NORTH CANADIAN RIVER,"BELOW WEAVERS CREEK NEAR WATONGA, OK",35.8119886,-98.4209053,9526.0,usgs,7239300,US,NORTH CANADIAN RIVER,"BELOW WEAVERS CREEK NEAR WATONGA, OK",35.8119886,-98.4209053,9526.0,Low,35.8146,-98.4229,34247.42,0.3414,True,True,True,True,True,basin_geometry_ready,GSIM catchment shapefile archive; local path removed
us_0005727,N35_W100,US,NORTH CANADIAN RIVER,"BELOW LK OVERHOLSER NEAR OKC, OK",35.47866848,-97.6633752,9996.0,usgs,7241000,US,NORTH CANADIAN RIVER,"BELOW LK OVERHOLSER NEAR OKC, OK",35.47866848,-97.6633752,9996.0,Low,35.4812,-97.6688,35601.6,0.5658,True,True,True,True,True,basin_geometry_ready,GSIM catchment shapefile archive; local path removed
us_0005729,N35_W100,US,NORTH CANADIAN RIVER,"NEAR HARRAH, OK",35.5003412,-97.1939194,10278.0,usgs,7241550,US,NORTH CANADIAN RIVER,"NEAR HARRAH, OK",35.5003412,-97.1939194,10278.0,Low,35.5021,-97.1938,36311.84,0.1957,True,True,True,True,True,basin_geometry_ready,GSIM catchment shapefile archive; local path removed
us_0005731,N35_W100,US,NORTH CANADIAN RIVER,"NEAR WETUMKA, OK",35.2656454,-96.2061167,11052.0,usgs,7242000,US,NORTH CANADIAN RIVER,"NEAR WETUMKA, OK",35.2656454,-96.2061167,11052.0,Low,35.2646,-96.2063,38385.26,0.1174,True,True,True,True,True,basin_geometry_ready,GSIM catchment shapefile archive; local path removed
us_0005732,N35_W100,US,DEEP FORK,"NEAR ARCADIA, OK",35.64727889,-97.3600365,105.0,usgs,7242350,US,DEEP FORK,"NEAR ARCADIA, OK",35.64727889,-97.3600365,105.0,High,35.6479,-97.3604,263.8748,0.0764,True,True,True,True,True,basin_geometry_ready,GSIM catchment shapefile archive; local path removed
us_0005733,N35_W100,US,DEEP FORK,"AT WARWICK, OK",35.68089589,-97.0083615,527.0,usgs,7242380,US,DEEP FORK,"AT WARWICK, OK",35.68089589,-97.0083615,527.0,High,35.6812,-97.0104,1364.636,0.1871,True,True,True,True,True,basin_geometry_ready,GSIM catchment shapefile archive; local path removed
us_0005734,N35_W100,US,DRY CREEK,"NEAR KENDRICK, OK",35.78200855,-96.8541915,69.0,usgs,7243000,US,DRY CREEK,"NEAR KENDRICK, OK",35.78200855,-96.8541915,69.0,High,35.7812,-96.8521,175.7381,0.2089,True,True,True,True,True,basin_geometry_ready,GSIM catchment shapefile archive; local path removed
us_0005735,N35_W100,US,DEEP FORK,"NEAR BEGGS, OK",35.6739876,-96.0686077,2004.0,usgs,7243500,US,DEEP FORK,"NEAR BEGGS, OK",35.6739876,-96.0686077,2004.0,High,35.6771,-96.0688,5175.088,0.3463,True,True,True,True,True,basin_geometry_ready,GSIM catchment shapefile archive; local path removed
us_0005736,N35_W100,US,CANADIAN RIVER,"NEAR WHITEFIELD, OK",35.26231927,-95.2371891,39149.0,usgs,7245000,US,CANADIAN RIVER,"NEAR WHITEFIELD, OK",35.26231927,-95.2371891,39149.0,Low,35.2646,-95.2396,122842.1,0.3348,True,True,True,True,True,basin_geometry_ready,GSIM catchment shapefile archive; local path removed
us_0005831,N35_W100,US,NORTH FORK RED RIVER,"NEAR CARTER, OK",35.16810838,-99.5073128,2073.0,usgs,7301500,US,NORTH FORK RED RIVER,"NEAR CARTER, OK",35.16810838,-99.5073128,2073.0,Low,35.1646,-99.5104,6814.683,0.4803,True,True,True,True,True,basin_geometry_ready,GSIM catchment shapefile archive; local path removed
us_0005858,N35_W100,US,WASHITA RIVER,"NEAR CHEYENNE, OK",35.62643705,-99.6684386,763.0,usgs,7316500,US,WASHITA RIVER,"NEAR CHEYENNE, OK",35.62643705,-99.6684386,763.0,High,35.6271,-99.6688,1953.529,0.0806,True,True,True,True,True,basin_geometry_ready,GSIM catchment shapefile archive; local path removed
us_0005862,N35_W100,US,WASHITA RIVER,"NEAR HAMMON, OK",35.65643696,-99.3062086,1355.0,usgs,7324200,US,WASHITA RIVER,"NEAR HAMMON, OK",35.65643696,-99.3062086,1355.0,High,35.6604,-99.3021,3475.139,0.5758,True,True,True,True,True,basin_geometry_ready,GSIM catchment shapefile archive; local path removed
us_0005863,N35_W100,US,WASHITA RIVER,"NEAR FOSS, OK",35.5389379,-99.1698128,1514.0,usgs,7324400,US,WASHITA RIVER,"NEAR FOSS, OK",35.5389379,-99.1698128,1514.0,High,35.5396,-99.1688,3895.511,0.1175,True,True,True,True,True,basin_geometry_ready,GSIM catchment shapefile archive; local path removed
us_0005864,N35_W100,US,WASHITA RIVER,"NEAR CLINTON, OK",35.5308832,-98.9670296,1949.0,usgs,7325000,US,WASHITA RIVER,"NEAR CLINTON, OK",35.5308832,-98.9670296,1949.0,High,35.5312,-98.9688,5023.021,0.1639,True,True,True,True,True,basin_geometry_ready,GSIM catchment shapefile archive; local path removed
us_0005865,N35_W100,US,WASHITA RIVER,"AT CARNEGIE, OK",35.11728108,-98.5639503,3104.0,usgs,7325500,US,WASHITA RIVER,"AT CARNEGIE, OK",35.11728108,-98.5639503,3104.0,High,35.1187,-98.5646,8092.414,0.1684,True,True,True,True,True,basin_geometry_ready,GSIM catchment shapefile archive; local path removed
us_0005866,N35_W100,US,COBB CREEK,"NEAR EAKLY, OK",35.2906111,-98.5942308,132.0,usgs,7325800,US,COBB CREEK,"NEAR EAKLY, OK",35.2906111,-98.5942308,132.0,High,35.2896,-98.5938,343.6972,0.119,True,True,True,True,True,basin_geometry_ready,GSIM catchment shapefile archive; local path removed
us_0005870,N35_W100,US,COBB CREEK,"NEAR FORT COBB, OK",35.14367036,-98.4428358,311.0,usgs,7326000,US,COBB CREEK,"NEAR FORT COBB, OK",35.14367036,-98.4428358,311.0,High,35.1437,-98.4396,829.4318,0.294,True,True,True,True,True,basin_geometry_ready,GSIM catchment shapefile archive; local path removed
za_0000234,S25_E025,ZA,ELEFANTES / OLIFANTSRIVIER,LOSKOP NOORD (27527001),-24.9264,29.3894,16622.0,grdb,1196102,ZA,ELEFANTES / OLIFANTSRIVIER,LOSKOP NOORD (27527001),-24.9264,29.3894,16622.0,High,-24.9271,29.3896,16619.95,0.0804,True,True,True,True,True,basin_geometry_ready,GSIM catchment shapefile archive; local path removed
za_0000249,S25_E025,ZA,MATLABAS,HAARLEM EAST (27546004),-24.1594,27.4792,1054.0,grdb,1196300,ZA,MATLABAS,HAARLEM EAST (27546004),-24.1594,27.4792,1054.0,High,-24.1604,27.4812,1043.213,0.2312,True,True,True,True,True,basin_geometry_ready,GSIM catchment shapefile archive; local path removed
za_0000254,S25_E025,ZA,MOKOLORIVIER,ZANDRIVIER (27546002),-24.2828,28.0897,1801.0,grdb,1196360,ZA,MOKOLORIVIER,ZANDRIVIER (27546002),-24.2828,28.0897,1801.0,High,-24.2813,28.0896,1808.118,0.167,True,True,True,True,True,basin_geometry_ready,GSIM catchment shapefile archive; local path removed
za_0000255,S25_E025,ZA,STERKSTROOM,DOORNSPRUIT (27546008),-24.2164,27.9731,499.0,grdb,1196370,ZA,STERKSTROOM,DOORNSPRUIT (27546008),-24.2164,27.9731,499.0,High,-24.2146,27.9729,486.8988,0.201,True,True,True,True,True,basin_geometry_ready,GSIM catchment shapefile archive; local path removed
za_0000256,S25_E025,ZA,TAMBOTIERIVIER,BLAKENEY (27546007),-23.7636,27.9081,399.0,grdb,1196380,ZA,TAMBOTIERIVIER,BLAKENEY (27546007),-23.7636,27.9081,399.0,High,-23.7646,27.9062,392.7989,0.2229,True,True,True,True,True,basin_geometry_ready,GSIM catchment shapefile archive; local path removed
za_0000257,S25_E025,ZA,LIMPOPO,BOTSWANA OXENHAM RANCH,-22.9508,27.9736,98160.0,grdb,1196400,ZA,LIMPOPO,BOTSWANA OXENHAM RANCH,-22.9508,27.9736,98160.0,High,-22.9521,27.9729,101834.3,0.1612,True,True,True,True,True,basin_geometry_ready,GSIM catchment shapefile archive; local path removed
za_0000264,S25_E025,ZA,SANDRIVIER (TRIB. LIMPOPO),ZAMENKOMST (27543003),-23.0674,29.5789,6731.0,grdb,1196500,ZA,SANDRIVIER (TRIB. LIMPOPO),ZAMENKOMST (27543003),-23.0674,29.5789,6731.0,High,-23.0604,29.5771,6696.31,0.7993,True,True,True,True,True,basin_geometry_ready,GSIM catchment shapefile archive; local path removed
za_0000265,S25_E025,ZA,LIMPOPO,BEITBRUG U/S,-22.2244,29.9869,201000.0,grdb,1196550,ZA,LIMPOPO,BEITBRUG U/S,-22.2244,29.9869,201000.0,High,-22.2229,29.9854,204011.5,0.2271,True,True,True,True,True,basin_geometry_ready,GSIM catchment shapefile archive; local path removed
za_0000267,S25_E025,ZA,BAD SE LOOP,VISCHGAT (27544010),-24.5786,28.6394,70.0,grdb,1196560,ZA,BAD SE LOOP,VISCHGAT (27544010),-24.5786,28.6394,70.0,High,-24.5771,28.6354,68.7748,0.4372,True,True,True,True,True,basin_geometry_ready,GSIM catchment shapefile archive; local path removed
za_0000268,S25_E025,ZA,OLIFANTSPRUIT,OLIFANTSPOORT (27544012),-24.6653,28.475,120.0,grdb,1196561,ZA,OLIFANTSPRUIT,OLIFANTSPOORT (27544012),-24.6653,28.475,120.0,Medium,-24.6563,28.4729,126.784,1.0224,True,True,True,True,True,basin_geometry_ready,GSIM catchment shapefile archive; local path removed
za_0000269,S25_E025,ZA,RASLOOPRIVIER,SUSSENSVALE (27544018),-24.7714,28.3481,12.0,grdb,1196562,ZA,RASLOOPRIVIER,SUSSENSVALE (27544018),-24.7714,28.3481,12.0,High,-24.7729,28.3479,12.0264,0.1679,True,True,True,True,True,basin_geometry_ready,GSIM catchment shapefile archive; local path removed
za_0000270,S25_E025,ZA,HESSIE SE WATER,RIETSPRUIT (27544019),-24.6631,28.4547,17.0,grdb,1196563,ZA,HESSIE SE WATER,RIETSPRUIT (27544019),-24.6631,28.4547,17.0,High,-24.6646,28.4604,16.6963,0.5993,True,True,True,True,True,basin_geometry_ready,GSIM catchment shapefile archive; local path removed
za_0000271,S25_E025,ZA,MIDDELFONTEINSPRUIT,MIDDELFONTEIN (27544020),-24.6714,28.5603,43.0,grdb,1196564,ZA,MIDDELFONTEINSPRUIT,MIDDELFONTEIN (27544020),-24.6714,28.5603,43.0,High,-24.6646,28.5562,42.7115,0.8616,True,True,True,True,True,basin_geometry_ready,GSIM catchment shapefile archive; local path removed
za_0000272,S25_E025,ZA,DE WETSPRUIT,GROENVALEY (27544021),-24.6333,28.5964,16.0,grdb,1196565,ZA,DE WETSPRUIT,GROENVALEY (27544021),-24.6333,28.5964,16.0,Medium,-24.6313,28.5979,17.0892,0.269,True,True,True,True,True,basin_geometry_ready,GSIM catchment shapefile archive; local path removed
za_0000273,S25_E025,ZA,HARTEBEESTLAAGTESPRUIT,HARTEBEESTLAAGTE (27544022),-24.602,28.6075,2.0,grdb,1196566,ZA,HARTEBEESTLAAGTESPRUIT,HARTEBEESTLAAGTE (27544022),-24.602,28.6075,2.0,High,-24.6021,28.6104,1.9424,0.2932,True,True,True,True,True,basin_geometry_ready,GSIM catchment shapefile archive; local path removed
za_0000274,S25_E025,ZA,LEPHALALA,MUISVOGELKRAAL (27545004),-23.9817,28.3994,638.0,grdb,1196570,ZA,LEPHALALA,MUISVOGELKRAAL (27545004),-23.9817,28.3994,638.0,High,-23.9813,28.4021,635.352,0.2777,True,True,True,True,True,basin_geometry_ready,GSIM catchment shapefile archive; local path removed
zw_0000009,S25_E025,ZW,KHAMI,SLIGHTS WEIR (63351108),-20.0833,28.5333,481.0,grdb,1491241,ZW,KHAMI,SLIGHTS WEIR (63351108),-20.0833,28.5333,481.0,Medium,-20.0563,28.5562,438.8835,3.8361,True,True,True,True,True,basin_geometry_ready,GSIM catchment shapefile archive; local path removed
zw_0000069,S25_E025,ZW,SHASHANI,ANTELOPE DAM U/S G/W (63535177),-20.9667,28.35,551.0,grdb,1496150,ZW,SHASHANI,ANTELOPE DAM U/S G/W (63535177),-20.9667,28.35,551.0,High,-20.9729,28.3521,544.7816,0.7226,True,True,True,True,True,basin_geometry_ready,GSIM catchment shapefile archive; local path removed
zw_0000070,S25_E025,ZW,MPOPONA,MPOPONA DAM D/S FLUME (63535223),-20.5667,28.3833,112.0,grdb,1496160,ZW,MPOPONA,MPOPONA DAM D/S FLUME (63535223),-20.5667,28.3833,112.0,High,-20.5604,28.3812,112.2146,0.7334,True,True,True,True,True,basin_geometry_ready,GSIM catchment shapefile archive; local path removed
zw_0000073,S25_E025,ZW,THULI,THULI GORGE G/W (63535231),-21.0833,28.8333,4090.0,grdb,1496181,ZW,THULI,THULI GORGE G/W (63535231),-21.0833,28.8333,4090.0,High,-21.0813,28.8312,4009.436,0.3111,True,True,True,True,True,basin_geometry_ready,GSIM catchment shapefile archive; local path removed
zw_0000080,S25_E025,ZW,UNKAKEZI,ESKDALE CAUSEWAY (63534213),-20.6,29.4167,453.0,grdb,1496355,ZW,UNKAKEZI,ESKDALE CAUSEWAY (63534213),-20.6,29.4167,453.0,High,-20.5938,29.4229,447.1602,0.9437,True,True,True,True,True,basin_geometry_ready,GSIM catchment shapefile archive; local path removed
zw_0000081,S25_E025,ZW,MWENEZI,JEKA BRIDGE G/W (63531028),-20.8333,29.9333,1929.0,grdb,1496360,ZW,MWENEZI,JEKA BRIDGE G/W (63531028),-20.8333,29.9333,1929.0,High,-20.8354,29.9312,1974.273,0.3194,True,True,True,True,True,basin_geometry_ready,GSIM catchment shapefile archive; local path removed
zw_0000082,S25_E025,ZW,LUMANI,INSINDI WEIR (63535215),-20.6,29.6,277.0,grdb,1496365,ZW,LUMANI,INSINDI WEIR (63535215),-20.6,29.6,277.0,Medium,-20.5979,29.5979,259.3699,0.3196,True,True,True,True,True,basin_geometry_ready,GSIM catchment shapefile archive; local path removed
